{
    "adv_acc": "{\"mean\": 0.008000000000000004, \"count\": 1000, \"M2\": 7.935999999999998}",
    "orig_acc": "{\"mean\": 0.7529999999999999, \"count\": 1000, \"M2\": 185.99099999999976}"
}
