{
    "adv_acc": "{\"mean\": 0.038999999999999986, \"count\": 1000, \"M2\": 37.478999999999985}",
    "orig_acc": "{\"mean\": 0.7759999999999998, \"count\": 1000, \"M2\": 173.82399999999967}"
}
