{
    "adv_acc": "{\"mean\": 0.026000000000000016, \"count\": 1000, \"M2\": 25.324}",
    "orig_acc": "{\"mean\": 0.73, \"count\": 1000, \"M2\": 197.0999999999997}"
}
