{
    "adv_acc": "{\"mean\": 0.3699999999999998, \"count\": 1000, \"M2\": 233.09999999999982}",
    "orig_acc": "{\"mean\": 0.6899999999999993, \"count\": 1000, \"M2\": 213.89999999999998}"
}
