{
    "adv_acc": "{\"mean\": 0.2980000000000006, \"count\": 1000, \"M2\": 209.19600000000008}",
    "orig_acc": "{\"mean\": 0.640999999999999, \"count\": 1000, \"M2\": 230.11900000000006}"
}
