{
    "adv_acc": "{\"mean\": 0.15200000000000016, \"count\": 1000, \"M2\": 128.89600000000007}",
    "orig_acc": "{\"mean\": 0.5860000000000001, \"count\": 1000, \"M2\": 242.6040000000005}"
}
