{
    "adv_acc": "{\"mean\": 0.37200000000000016, \"count\": 1000, \"M2\": 233.61599999999996}",
    "orig_acc": "{\"mean\": 0.7099999999999989, \"count\": 1000, \"M2\": 205.9000000000001}"
}
