{
    "adv_acc": "{\"mean\": 0.004000000000000006, \"count\": 1000, \"M2\": 3.984000000000002}",
    "orig_acc": "{\"mean\": 0.5460000000000004, \"count\": 1000, \"M2\": 247.88399999999976}"
}
