{
    "adv_acc": "{\"mean\": 0.4999999999999999, \"count\": 64, \"M2\": 15.999999999999998}",
    "orig_acc": "{\"mean\": 0.7500000000000001, \"count\": 64, \"M2\": 11.999999999999998}"
}
