{
    "adv_acc": "{\"mean\": 0.5070000000000008, \"count\": 1000, \"M2\": 249.95100000000016}",
    "orig_acc": "{\"mean\": 0.6810000000000005, \"count\": 1000, \"M2\": 217.23900000000026}"
}
