{
    "adv_acc": "{\"mean\": 0.48500000000000015, \"count\": 1000, \"M2\": 249.77500000000018}",
    "orig_acc": "{\"mean\": 0.6209999999999998, \"count\": 1000, \"M2\": 235.35900000000012}"
}
