{
    "adv_acc": "{\"mean\": 0.4427083333333335, \"count\": 768, \"M2\": 189.47916666666654}",
    "orig_acc": "{\"mean\": 0.5716145833333334, \"count\": 768, \"M2\": 188.06119791666686}"
}
