{
    "adv_acc": "{\"mean\": 0.5710000000000002, \"count\": 1000, \"M2\": 244.95899999999978}",
    "orig_acc": "{\"mean\": 0.7100000000000009, \"count\": 1000, \"M2\": 205.8999999999999}"
}
