{
    "adv_acc": "{\"mean\": 0.38899999999999996, \"count\": 1000, \"M2\": 237.67899999999997}",
    "orig_acc": "{\"mean\": 0.741, \"count\": 1000, \"M2\": 191.91900000000018}"
}
