{
    "adv_acc": "{\"mean\": 0.17700000000000024, \"count\": 1000, \"M2\": 145.67099999999988}",
    "orig_acc": "{\"mean\": 0.7369999999999998, \"count\": 1000, \"M2\": 193.83100000000024}"
}
