{
    "adv_acc": "{\"mean\": 0.32500000000000007, \"count\": 1000, \"M2\": 219.3749999999999}",
    "orig_acc": "{\"mean\": 0.7820000000000007, \"count\": 1000, \"M2\": 170.476}"
}
