{
    "adv_acc": "{\"mean\": 0.5309999999999986, \"count\": 1000, \"M2\": 249.03900000000007}",
    "orig_acc": "{\"mean\": 0.7730000000000004, \"count\": 1000, \"M2\": 175.47099999999998}"
}
