{
    "adv_acc": "{\"mean\": 0.39100000000000007, \"count\": 1000, \"M2\": 238.11899999999994}",
    "orig_acc": "{\"mean\": 0.7569999999999989, \"count\": 1000, \"M2\": 183.9509999999999}"
}
