{
    "adv_acc": "{\"mean\": 0.18300000000000022, \"count\": 1000, \"M2\": 149.51099999999983}",
    "orig_acc": "{\"mean\": 0.7280000000000018, \"count\": 1000, \"M2\": 198.0159999999998}"
}
