{
    "adv_acc": "{\"mean\": 0.05100000000000001, \"count\": 1000, \"M2\": 48.399}",
    "orig_acc": "{\"mean\": 0.5380000000000004, \"count\": 1000, \"M2\": 248.55599999999976}"
}
