{
    "adv_acc": "{\"mean\": 0.1369999999999999, \"count\": 1000, \"M2\": 118.2310000000001}",
    "orig_acc": "{\"mean\": 0.5239999999999996, \"count\": 1000, \"M2\": 249.42399999999984}"
}
