{
    "adv_acc": "{\"mean\": 0.0, \"count\": 1000, \"M2\": 0.0}",
    "orig_acc": "{\"mean\": 0.8020000000000005, \"count\": 1000, \"M2\": 158.7959999999999}"
}
