{
    "adv_acc": "{\"mean\": 0.06399999999999997, \"count\": 1000, \"M2\": 59.90400000000002}",
    "orig_acc": "{\"mean\": 0.8019999999999995, \"count\": 1000, \"M2\": 158.796}"
}
