{
    "adv_acc": "{\"mean\": 0.0, \"count\": 1000, \"M2\": 0.0}",
    "orig_acc": "{\"mean\": 0.797999999999999, \"count\": 1000, \"M2\": 161.19599999999994}"
}
