{
    "adv_acc": "{\"mean\": 0.050999999999999907, \"count\": 1000, \"M2\": 48.398999999999994}",
    "orig_acc": "{\"mean\": 0.8070000000000007, \"count\": 1000, \"M2\": 155.7509999999998}"
}
