{
    "adv_acc": "{\"mean\": 0.088, \"count\": 1000, \"M2\": 80.25599999999991}",
    "orig_acc": "{\"mean\": 0.8159999999999996, \"count\": 1000, \"M2\": 150.14399999999992}"
}
