{
    "adv_acc": "{\"mean\": 0.0030000000000000022, \"count\": 1000, \"M2\": 2.9910000000000023}",
    "orig_acc": "{\"mean\": 0.8280000000000001, \"count\": 1000, \"M2\": 142.41600000000014}"
}
