{
    "adv_acc": "{\"mean\": 0.0, \"count\": 1000, \"M2\": 0.0}",
    "orig_acc": "{\"mean\": 0.8260000000000003, \"count\": 1000, \"M2\": 143.7239999999999}"
}
