{
    "adv_acc": "{\"mean\": 0.16500000000000004, \"count\": 1000, \"M2\": 137.77500000000006}",
    "orig_acc": "{\"mean\": 0.8339999999999991, \"count\": 1000, \"M2\": 138.44400000000005}"
}
